job_num,method,simulation_id,estimate,SE,p_value,ndf,ddf,n_obs,dgp,b_xy,b_cy,b_cx,r_cc
1,all_covs,1,-0.04944085890434568,0.11033359712908936,0.655088248987594,3,96,100,cc,0,"[0.3, 0.3]","[0.3, 0.3]",0
1,all_covs,2,-0.014092186298252905,0.10764149290151827,0.8961143014023105,3,96,100,cc,0,"[0.3, 0.3]","[0.3, 0.3]",0
1,all_covs,3,0.047090890464093364,0.11934326180351625,0.6940254925963638,3,96,100,cc,0,"[0.3, 0.3]","[0.3, 0.3]",0
1,all_covs,4,0.05040447122564086,0.10659888521292255,0.6373989240620843,3,96,100,cc,0,"[0.3, 0.3]","[0.3, 0.3]",0
1,all_covs,5,0.040227367694095476,0.09429432721419793,0.6706149845518545,3,96,100,cc,0,"[0.3, 0.3]","[0.3, 0.3]",0
1,all_covs,6,0.01622007470980364,0.08870730287879383,0.8553018087058708,3,96,100,cc,0,"[0.3, 0.3]","[0.3, 0.3]",0
1,all_covs,7,0.12466804773246142,0.1266077515172093,0.3272567788800538,3,96,100,cc,0,"[0.3, 0.3]","[0.3, 0.3]",0
1,all_covs,8,-0.15060379514190117,0.10759859034383655,0.1648318198595545,3,96,100,cc,0,"[0.3, 0.3]","[0.3, 0.3]",0
1,all_covs,9,0.04999986388236728,0.10461368183375469,0.6337739988131901,3,96,100,cc,0,"[0.3, 0.3]","[0.3, 0.3]",0
1,all_covs,10,-0.26421530737695204,0.10541063414964928,0.013873016210914605,3,96,100,cc,0,"[0.3, 0.3]","[0.3, 0.3]",0
1,all_covs,11,-0.13846596486338508,0.09739255444540654,0.15834518514050558,3,96,100,cc,0,"[0.3, 0.3]","[0.3, 0.3]",0
1,all_covs,12,0.06676569323518436,0.12064817616235961,0.5812817949466818,3,96,100,cc,0,"[0.3, 0.3]","[0.3, 0.3]",0
1,all_covs,13,-0.05801587285858422,0.09056292236198331,0.5232997473507732,3,96,100,cc,0,"[0.3, 0.3]","[0.3, 0.3]",0
1,all_covs,14,0.01260353914871976,0.09179679268826041,0.8910826003814922,3,96,100,cc,0,"[0.3, 0.3]","[0.3, 0.3]",0
1,all_covs,15,0.0036363597605063185,0.11249846322384892,0.974281066733243,3,96,100,cc,0,"[0.3, 0.3]","[0.3, 0.3]",0
1,all_covs,16,-0.07062362416715681,0.1109657506912286,0.5260008671794021,3,96,100,cc,0,"[0.3, 0.3]","[0.3, 0.3]",0
1,all_covs,17,0.037914794326937305,0.10333456076671058,0.7144914304292026,3,96,100,cc,0,"[0.3, 0.3]","[0.3, 0.3]",0
1,all_covs,18,-0.15051551869057703,0.0959292452103769,0.1199321537679083,3,96,100,cc,0,"[0.3, 0.3]","[0.3, 0.3]",0
1,all_covs,19,-0.11641598658010278,0.1008727126847235,0.25132909227453343,3,96,100,cc,0,"[0.3, 0.3]","[0.3, 0.3]",0
1,all_covs,20,2.1559028240253968e-4,0.10810551317019387,0.9984129516621556,3,96,100,cc,0,"[0.3, 0.3]","[0.3, 0.3]",0
1,all_covs,21,-0.15680741756134892,0.10666229027096091,0.14479650190152848,3,96,100,cc,0,"[0.3, 0.3]","[0.3, 0.3]",0
1,all_covs,22,-0.06107924083796621,0.10379121932769972,0.557590996171637,3,96,100,cc,0,"[0.3, 0.3]","[0.3, 0.3]",0
1,all_covs,23,-0.03971962498684233,0.11078683874605047,0.7207392122377418,3,96,100,cc,0,"[0.3, 0.3]","[0.3, 0.3]",0
1,all_covs,24,-0.024651575799567296,0.10348497986370513,0.8122228069364174,3,96,100,cc,0,"[0.3, 0.3]","[0.3, 0.3]",0
1,all_covs,25,-0.08213002798539189,0.10174439300739281,0.42153568954846654,3,96,100,cc,0,"[0.3, 0.3]","[0.3, 0.3]",0
1,all_covs,26,0.010658052705036837,0.09860324696258241,0.9141496702594307,3,96,100,cc,0,"[0.3, 0.3]","[0.3, 0.3]",0
1,all_covs,27,-0.06165407594997565,0.10296243038121379,0.5507155171551686,3,96,100,cc,0,"[0.3, 0.3]","[0.3, 0.3]",0
1,all_covs,28,-0.1353850953270599,0.09469542424456574,0.15605238190992296,3,96,100,cc,0,"[0.3, 0.3]","[0.3, 0.3]",0
1,all_covs,29,0.016761963112502117,0.1038727410023503,0.8721409741971482,3,96,100,cc,0,"[0.3, 0.3]","[0.3, 0.3]",0
1,all_covs,30,-0.19923089584512452,0.0866833114458167,0.02370998140960067,3,96,100,cc,0,"[0.3, 0.3]","[0.3, 0.3]",0
1,all_covs,31,0.0846907458611953,0.0947168917646915,0.3734799109218172,3,96,100,cc,0,"[0.3, 0.3]","[0.3, 0.3]",0
1,all_covs,32,-0.15127696701395457,0.1078139476820752,0.1638042386995932,3,96,100,cc,0,"[0.3, 0.3]","[0.3, 0.3]",0
1,all_covs,33,-0.1339119760947286,0.1295846703480077,0.30401601270503953,3,96,100,cc,0,"[0.3, 0.3]","[0.3, 0.3]",0
1,all_covs,34,-0.0396925006216342,0.10599197799550376,0.7088687876130644,3,96,100,cc,0,"[0.3, 0.3]","[0.3, 0.3]",0
1,all_covs,35,-0.051321857015606626,0.10547236980391995,0.6276575772417257,3,96,100,cc,0,"[0.3, 0.3]","[0.3, 0.3]",0
1,all_covs,36,-0.13408867095956184,0.08890977592251309,0.13480190904302095,3,96,100,cc,0,"[0.3, 0.3]","[0.3, 0.3]",0
1,all_covs,37,0.1861501804986037,0.11192271192005476,0.09953330115277352,3,96,100,cc,0,"[0.3, 0.3]","[0.3, 0.3]",0
1,all_covs,38,-0.019332580943395943,0.11452032854534538,0.8662984940612115,3,96,100,cc,0,"[0.3, 0.3]","[0.3, 0.3]",0
1,all_covs,39,0.13861476331142433,0.09458038359300945,0.1460314684982562,3,96,100,cc,0,"[0.3, 0.3]","[0.3, 0.3]",0
1,all_covs,40,0.020754697637474572,0.09779157036960484,0.8323744426600417,3,96,100,cc,0,"[0.3, 0.3]","[0.3, 0.3]",0
1,all_covs,41,-0.0464583155867874,0.09541646793140353,0.6274387764853713,3,96,100,cc,0,"[0.3, 0.3]","[0.3, 0.3]",0
1,all_covs,42,0.0574429220840732,0.11123605648699332,0.6067586761803314,3,96,100,cc,0,"[0.3, 0.3]","[0.3, 0.3]",0
1,all_covs,43,0.02180532787057723,0.10105771570493662,0.8296240137892537,3,96,100,cc,0,"[0.3, 0.3]","[0.3, 0.3]",0
1,all_covs,44,0.1256183882019722,0.09412326615655277,0.18515896112902788,3,96,100,cc,0,"[0.3, 0.3]","[0.3, 0.3]",0
1,all_covs,45,0.09948861051359131,0.10229628278657943,0.333219411908536,3,96,100,cc,0,"[0.3, 0.3]","[0.3, 0.3]",0
1,all_covs,46,0.06482329113673903,0.09361066772154585,0.4903091245703638,3,96,100,cc,0,"[0.3, 0.3]","[0.3, 0.3]",0
1,all_covs,47,0.05272204088061381,0.09063332871025452,0.5621275495913493,3,96,100,cc,0,"[0.3, 0.3]","[0.3, 0.3]",0
1,all_covs,48,0.015594510615245125,0.10631048326449721,0.8836856122893639,3,96,100,cc,0,"[0.3, 0.3]","[0.3, 0.3]",0
1,all_covs,49,0.05537435779090209,0.09950382412714304,0.5791607533261458,3,96,100,cc,0,"[0.3, 0.3]","[0.3, 0.3]",0
1,all_covs,50,-0.09383479131878587,0.10488145616603627,0.3731986344557223,3,96,100,cc,0,"[0.3, 0.3]","[0.3, 0.3]",0
1,all_covs,51,-0.008073553586151845,0.11269710248409862,0.9430379155328501,3,96,100,cc,0,"[0.3, 0.3]","[0.3, 0.3]",0
1,all_covs,52,0.03359126819429181,0.09530913120246717,0.7252768179343205,3,96,100,cc,0,"[0.3, 0.3]","[0.3, 0.3]",0
1,all_covs,53,-0.22822644586241217,0.09464089340514456,0.01778897062991594,3,96,100,cc,0,"[0.3, 0.3]","[0.3, 0.3]",0
1,all_covs,54,-0.18168653367765852,0.10909117700799698,0.09908207903158373,3,96,100,cc,0,"[0.3, 0.3]","[0.3, 0.3]",0
1,all_covs,55,0.09898623815437625,0.11281157986212688,0.3824342483777293,3,96,100,cc,0,"[0.3, 0.3]","[0.3, 0.3]",0
1,all_covs,56,0.13778433007030547,0.09086286673696191,0.13270462634316993,3,96,100,cc,0,"[0.3, 0.3]","[0.3, 0.3]",0
1,all_covs,57,0.1138176359122678,0.08870171642033228,0.202528469433078,3,96,100,cc,0,"[0.3, 0.3]","[0.3, 0.3]",0
1,all_covs,58,-0.0309942769914652,0.10244464176722988,0.7628899808325378,3,96,100,cc,0,"[0.3, 0.3]","[0.3, 0.3]",0
1,all_covs,59,-0.09549990607655194,0.11405642801811683,0.40450133272712285,3,96,100,cc,0,"[0.3, 0.3]","[0.3, 0.3]",0
1,all_covs,60,2.498758485216959e-4,0.11838897384181464,0.9983203383498644,3,96,100,cc,0,"[0.3, 0.3]","[0.3, 0.3]",0
1,all_covs,61,-0.02213668816669579,0.09938983181938688,0.824222049968538,3,96,100,cc,0,"[0.3, 0.3]","[0.3, 0.3]",0
1,all_covs,62,0.040598451408473436,0.08126744399862755,0.6185237501621752,3,96,100,cc,0,"[0.3, 0.3]","[0.3, 0.3]",0
1,all_covs,63,0.1142497727132966,0.09368351999947724,0.22563124343657098,3,96,100,cc,0,"[0.3, 0.3]","[0.3, 0.3]",0
1,all_covs,64,0.0313742053249249,0.0998725969150283,0.7540946289221279,3,96,100,cc,0,"[0.3, 0.3]","[0.3, 0.3]",0
1,all_covs,65,-0.024545820681123872,0.10440210098826379,0.8146253029193019,3,96,100,cc,0,"[0.3, 0.3]","[0.3, 0.3]",0
1,all_covs,66,-0.094013353108667,0.1073543437958822,0.3833630788251944,3,96,100,cc,0,"[0.3, 0.3]","[0.3, 0.3]",0
1,all_covs,67,0.12865306331295398,0.0979509443072517,0.1921639569290741,3,96,100,cc,0,"[0.3, 0.3]","[0.3, 0.3]",0
1,all_covs,68,-0.16888757460390624,0.1300190957214507,0.19707424815257701,3,96,100,cc,0,"[0.3, 0.3]","[0.3, 0.3]",0
1,all_covs,69,-0.07569254818759845,0.09734421249194089,0.43873090635352996,3,96,100,cc,0,"[0.3, 0.3]","[0.3, 0.3]",0
1,all_covs,70,0.004176037245765945,0.11403964127119641,0.9708646953444353,3,96,100,cc,0,"[0.3, 0.3]","[0.3, 0.3]",0
1,all_covs,71,8.299414099151047e-4,0.09773634071705965,0.9932423578129499,3,96,100,cc,0,"[0.3, 0.3]","[0.3, 0.3]",0
1,all_covs,72,0.09556657820344612,0.11662503437652057,0.4145682835610811,3,96,100,cc,0,"[0.3, 0.3]","[0.3, 0.3]",0
1,all_covs,73,-0.06258041781068605,0.11529775462799999,0.588544573005198,3,96,100,cc,0,"[0.3, 0.3]","[0.3, 0.3]",0
1,all_covs,74,0.04433654319567043,0.09219873354492722,0.6316958248562861,3,96,100,cc,0,"[0.3, 0.3]","[0.3, 0.3]",0
1,all_covs,75,0.06364939861377494,0.09870500600142935,0.5205658668481874,3,96,100,cc,0,"[0.3, 0.3]","[0.3, 0.3]",0
1,all_covs,76,0.2550929753643593,0.10218639709953455,0.014252102472079364,3,96,100,cc,0,"[0.3, 0.3]","[0.3, 0.3]",0
1,all_covs,77,-0.030723631704259378,0.09418948506501083,0.7449909099891532,3,96,100,cc,0,"[0.3, 0.3]","[0.3, 0.3]",0
1,all_covs,78,0.01372110857809887,0.10337959430782562,0.8946882795536066,3,96,100,cc,0,"[0.3, 0.3]","[0.3, 0.3]",0
1,all_covs,79,0.016226230363363903,0.12644207888175768,0.8981567916168852,3,96,100,cc,0,"[0.3, 0.3]","[0.3, 0.3]",0
1,all_covs,80,0.03827010347336489,0.0956274242884714,0.6898982987536716,3,96,100,cc,0,"[0.3, 0.3]","[0.3, 0.3]",0
1,all_covs,81,0.04519304353433813,0.09210825771176423,0.6247927010452519,3,96,100,cc,0,"[0.3, 0.3]","[0.3, 0.3]",0
1,all_covs,82,-0.04865752422443273,0.11128373061176218,0.6629204576983574,3,96,100,cc,0,"[0.3, 0.3]","[0.3, 0.3]",0
1,all_covs,83,0.004752051140899627,0.08056404167010478,0.9530868523348982,3,96,100,cc,0,"[0.3, 0.3]","[0.3, 0.3]",0
1,all_covs,84,-0.2548131643863373,0.11953127845863926,0.035578742772436965,3,96,100,cc,0,"[0.3, 0.3]","[0.3, 0.3]",0
1,all_covs,85,0.0398533476829493,0.1204684415801037,0.7415015606445261,3,96,100,cc,0,"[0.3, 0.3]","[0.3, 0.3]",0
1,all_covs,86,-0.05633700469712548,0.08200188667866154,0.4937259089442466,3,96,100,cc,0,"[0.3, 0.3]","[0.3, 0.3]",0
1,all_covs,87,-0.11850730042999238,0.10896945431370722,0.2795265708133377,3,96,100,cc,0,"[0.3, 0.3]","[0.3, 0.3]",0
1,all_covs,88,-0.009348883594736346,0.09536592972904821,0.92211151948457,3,96,100,cc,0,"[0.3, 0.3]","[0.3, 0.3]",0
1,all_covs,89,-0.01010959150265088,0.09705839640488526,0.917259768501083,3,96,100,cc,0,"[0.3, 0.3]","[0.3, 0.3]",0
1,all_covs,90,-0.02062688513113745,0.09360871951655969,0.8260648168378464,3,96,100,cc,0,"[0.3, 0.3]","[0.3, 0.3]",0
1,all_covs,91,-0.011726286782856025,0.11801516164309996,0.9210576146121338,3,96,100,cc,0,"[0.3, 0.3]","[0.3, 0.3]",0
1,all_covs,92,0.03145149383784573,0.09596524152637906,0.7438231458133348,3,96,100,cc,0,"[0.3, 0.3]","[0.3, 0.3]",0
1,all_covs,93,0.009849042774095963,0.09848671195211017,0.9205498744077667,3,96,100,cc,0,"[0.3, 0.3]","[0.3, 0.3]",0
1,all_covs,94,-0.10830786123477132,0.0895437460004099,0.22942089143727684,3,96,100,cc,0,"[0.3, 0.3]","[0.3, 0.3]",0
1,all_covs,95,-0.0919451995977935,0.11275762735801063,0.416848534500901,3,96,100,cc,0,"[0.3, 0.3]","[0.3, 0.3]",0
1,all_covs,96,-0.016477814671464724,0.10283441058317856,0.8730315481113707,3,96,100,cc,0,"[0.3, 0.3]","[0.3, 0.3]",0
1,all_covs,97,-0.1490274851596478,0.10893671673255233,0.17449980480452545,3,96,100,cc,0,"[0.3, 0.3]","[0.3, 0.3]",0
1,all_covs,98,0.1879098112617801,0.13358135924730305,0.162743395870459,3,96,100,cc,0,"[0.3, 0.3]","[0.3, 0.3]",0
1,all_covs,99,-0.05935845471335679,0.08452484477872116,0.48421602306370515,3,96,100,cc,0,"[0.3, 0.3]","[0.3, 0.3]",0
1,all_covs,100,-0.043404467025461545,0.11129716458626707,0.697409947255127,3,96,100,cc,0,"[0.3, 0.3]","[0.3, 0.3]",0
1,no_covs,1,0.082157769661112,0.10407179200834774,0.43176447273489515,1,98,100,cc,0,"[0.3, 0.3]","[0.3, 0.3]",0
1,no_covs,2,0.20504805635106643,0.09682170390208779,0.03672328699901011,1,98,100,cc,0,"[0.3, 0.3]","[0.3, 0.3]",0
1,no_covs,3,0.31372483618802266,0.11300118346391586,0.00658725056126995,1,98,100,cc,0,"[0.3, 0.3]","[0.3, 0.3]",0
1,no_covs,4,0.2563307614038193,0.10741809191620356,0.018939966251613066,1,98,100,cc,0,"[0.3, 0.3]","[0.3, 0.3]",0
1,no_covs,5,0.16460835041365007,0.09668219619281425,0.09181823301243312,1,98,100,cc,0,"[0.3, 0.3]","[0.3, 0.3]",0
1,no_covs,6,0.19613056439604412,0.08405228279824134,0.021668688797659093,1,98,100,cc,0,"[0.3, 0.3]","[0.3, 0.3]",0
1,no_covs,7,0.29638805042963406,0.107001967940811,0.0067076676863123555,1,98,100,cc,0,"[0.3, 0.3]","[0.3, 0.3]",0
1,no_covs,8,0.09283333034417426,0.10564466522437432,0.3816961635508501,1,98,100,cc,0,"[0.3, 0.3]","[0.3, 0.3]",0
1,no_covs,9,0.2578328556858229,0.09625201122630919,0.008667906619987632,1,98,100,cc,0,"[0.3, 0.3]","[0.3, 0.3]",0
1,no_covs,10,0.09810470781428635,0.09983008012836296,0.32816671427904986,1,98,100,cc,0,"[0.3, 0.3]","[0.3, 0.3]",0
1,no_covs,11,0.06415252836826309,0.09798763012842711,0.5141944283009622,1,98,100,cc,0,"[0.3, 0.3]","[0.3, 0.3]",0
1,no_covs,12,0.18696683597063257,0.11322476242883808,0.10188056842661868,1,98,100,cc,0,"[0.3, 0.3]","[0.3, 0.3]",0
1,no_covs,13,0.09396656475893209,0.08572523382554793,0.2757053735512575,1,98,100,cc,0,"[0.3, 0.3]","[0.3, 0.3]",0
1,no_covs,14,0.12042100729147345,0.0915460472306167,0.19143989285900737,1,98,100,cc,0,"[0.3, 0.3]","[0.3, 0.3]",0
1,no_covs,15,0.24424638381469813,0.10614667556990079,0.02350868620703567,1,98,100,cc,0,"[0.3, 0.3]","[0.3, 0.3]",0
1,no_covs,16,0.09491523743152287,0.10749985072276944,0.37943284952220224,1,98,100,cc,0,"[0.3, 0.3]","[0.3, 0.3]",0
1,no_covs,17,0.272508211218714,0.10181190333642252,0.008719633926289718,1,98,100,cc,0,"[0.3, 0.3]","[0.3, 0.3]",0
1,no_covs,18,0.16275359504755194,0.09855340666649359,0.10185273215665713,1,98,100,cc,0,"[0.3, 0.3]","[0.3, 0.3]",0
1,no_covs,19,0.017319018837711274,0.09519354720302893,0.8560096892328216,1,98,100,cc,0,"[0.3, 0.3]","[0.3, 0.3]",0
1,no_covs,20,0.17046915897384418,0.10302309972040646,0.10119099638421127,1,98,100,cc,0,"[0.3, 0.3]","[0.3, 0.3]",0
1,no_covs,21,-0.056421510361017384,0.1056903658511586,0.5946625979165138,1,98,100,cc,0,"[0.3, 0.3]","[0.3, 0.3]",0
1,no_covs,22,0.21599998741577295,0.10784538323726403,0.0479536681507128,1,98,100,cc,0,"[0.3, 0.3]","[0.3, 0.3]",0
1,no_covs,23,0.16294947085075473,0.10790513845017617,0.13423100967726898,1,98,100,cc,0,"[0.3, 0.3]","[0.3, 0.3]",0
1,no_covs,24,0.14762791053071012,0.11292775219594473,0.19417737228392118,1,98,100,cc,0,"[0.3, 0.3]","[0.3, 0.3]",0
1,no_covs,25,0.19606658459937984,0.09443478573463915,0.040491978588674205,1,98,100,cc,0,"[0.3, 0.3]","[0.3, 0.3]",0
1,no_covs,26,0.04573385754215476,0.09273374639107826,0.6229930784379205,1,98,100,cc,0,"[0.3, 0.3]","[0.3, 0.3]",0
1,no_covs,27,0.13256628792095382,0.10070886827765904,0.19113313936271034,1,98,100,cc,0,"[0.3, 0.3]","[0.3, 0.3]",0
1,no_covs,28,0.016407718734401396,0.09797315628627015,0.8673441123346117,1,98,100,cc,0,"[0.3, 0.3]","[0.3, 0.3]",0
1,no_covs,29,0.2527850166140362,0.09413143666423807,0.00850741466603349,1,98,100,cc,0,"[0.3, 0.3]","[0.3, 0.3]",0
1,no_covs,30,0.02177334708278111,0.08505047290574404,0.7984835703243862,1,98,100,cc,0,"[0.3, 0.3]","[0.3, 0.3]",0
1,no_covs,31,0.32134289779480757,0.09803624153711722,0.0014482105649251636,1,98,100,cc,0,"[0.3, 0.3]","[0.3, 0.3]",0
1,no_covs,32,0.1460483842679104,0.10835602386221257,0.1808120234059697,1,98,100,cc,0,"[0.3, 0.3]","[0.3, 0.3]",0
1,no_covs,33,0.08080635776303347,0.12069304448473032,0.5047384570909785,1,98,100,cc,0,"[0.3, 0.3]","[0.3, 0.3]",0
1,no_covs,34,0.23055116069263012,0.09834329376279097,0.02107826332877143,1,98,100,cc,0,"[0.3, 0.3]","[0.3, 0.3]",0
1,no_covs,35,0.1631195236638315,0.09622167543416274,0.09320370975577069,1,98,100,cc,0,"[0.3, 0.3]","[0.3, 0.3]",0
1,no_covs,36,0.051935559778535215,0.09240763046688553,0.575381016149525,1,98,100,cc,0,"[0.3, 0.3]","[0.3, 0.3]",0
1,no_covs,37,0.3910046140922357,0.11085128548270266,6.40631618553638e-4,1,98,100,cc,0,"[0.3, 0.3]","[0.3, 0.3]",0
1,no_covs,38,0.11604408594828469,0.11150169101012597,0.3005577900705691,1,98,100,cc,0,"[0.3, 0.3]","[0.3, 0.3]",0
1,no_covs,39,0.2758375390689982,0.0997308536398973,0.0067864997394310594,1,98,100,cc,0,"[0.3, 0.3]","[0.3, 0.3]",0
1,no_covs,40,0.22802389874356008,0.09773541132687104,0.021688507064423792,1,98,100,cc,0,"[0.3, 0.3]","[0.3, 0.3]",0
1,no_covs,41,0.21246784364389606,0.09783457114359413,0.03229098941310428,1,98,100,cc,0,"[0.3, 0.3]","[0.3, 0.3]",0
1,no_covs,42,0.29513173579392493,0.10950016108999239,0.008277848436859693,1,98,100,cc,0,"[0.3, 0.3]","[0.3, 0.3]",0
1,no_covs,43,0.15502303914376103,0.09519254085696705,0.10662516491595726,1,98,100,cc,0,"[0.3, 0.3]","[0.3, 0.3]",0
1,no_covs,44,0.3728408745934233,0.09624776520254172,1.9359906039099733e-4,1,98,100,cc,0,"[0.3, 0.3]","[0.3, 0.3]",0
1,no_covs,45,0.21518221069158947,0.09904100897556614,0.03221705946235805,1,98,100,cc,0,"[0.3, 0.3]","[0.3, 0.3]",0
1,no_covs,46,0.20521495216670818,0.08481478011879032,0.01738278410029337,1,98,100,cc,0,"[0.3, 0.3]","[0.3, 0.3]",0
1,no_covs,47,0.318223089292475,0.09499551327754847,0.0011488847162613284,1,98,100,cc,0,"[0.3, 0.3]","[0.3, 0.3]",0
1,no_covs,48,0.16255337709332707,0.10098432904154593,0.11068239231861497,1,98,100,cc,0,"[0.3, 0.3]","[0.3, 0.3]",0
1,no_covs,49,0.2708919622634275,0.10341193192765676,0.010204415948535994,1,98,100,cc,0,"[0.3, 0.3]","[0.3, 0.3]",0
1,no_covs,50,0.04240526443112716,0.10790971114241818,0.6951952550126294,1,98,100,cc,0,"[0.3, 0.3]","[0.3, 0.3]",0
1,no_covs,51,0.17244843196274962,0.10407454233740104,0.10072370679805184,1,98,100,cc,0,"[0.3, 0.3]","[0.3, 0.3]",0
1,no_covs,52,0.2022194398626953,0.09266629461795166,0.03148203037265948,1,98,100,cc,0,"[0.3, 0.3]","[0.3, 0.3]",0
1,no_covs,53,0.1112384417702066,0.10497273617702431,0.2918909719781854,1,98,100,cc,0,"[0.3, 0.3]","[0.3, 0.3]",0
1,no_covs,54,0.12945513160040903,0.11502454419053502,0.26314435743278947,1,98,100,cc,0,"[0.3, 0.3]","[0.3, 0.3]",0
1,no_covs,55,0.38259026454006345,0.11228052040508234,9.525940906862279e-4,1,98,100,cc,0,"[0.3, 0.3]","[0.3, 0.3]",0
1,no_covs,56,0.24776923303902668,0.08413531970975274,0.00403522478138693,1,98,100,cc,0,"[0.3, 0.3]","[0.3, 0.3]",0
1,no_covs,57,0.330362455789635,0.09341245778642529,6.209538469953755e-4,1,98,100,cc,0,"[0.3, 0.3]","[0.3, 0.3]",0
1,no_covs,58,0.18025928232625646,0.10123152707494762,0.07806613430333438,1,98,100,cc,0,"[0.3, 0.3]","[0.3, 0.3]",0
1,no_covs,59,0.13743719342608623,0.10236267899352183,0.1824872512033783,1,98,100,cc,0,"[0.3, 0.3]","[0.3, 0.3]",0
1,no_covs,60,0.24431876784491185,0.09951601959096434,0.015847990134995046,1,98,100,cc,0,"[0.3, 0.3]","[0.3, 0.3]",0
1,no_covs,61,0.24452871887437283,0.10098356079249365,0.017297205132339063,1,98,100,cc,0,"[0.3, 0.3]","[0.3, 0.3]",0
1,no_covs,62,0.17683858037528008,0.08358464023570844,0.036906741422405374,1,98,100,cc,0,"[0.3, 0.3]","[0.3, 0.3]",0
1,no_covs,63,0.3250419775273543,0.09359574366488127,7.680644710885702e-4,1,98,100,cc,0,"[0.3, 0.3]","[0.3, 0.3]",0
1,no_covs,64,0.19323828270490503,0.10123218658442984,0.059205656749098244,1,98,100,cc,0,"[0.3, 0.3]","[0.3, 0.3]",0
1,no_covs,65,0.1533731512173641,0.09552761289722754,0.11159332600060237,1,98,100,cc,0,"[0.3, 0.3]","[0.3, 0.3]",0
1,no_covs,66,0.0892196492688487,0.09874441914719606,0.36845439562099225,1,98,100,cc,0,"[0.3, 0.3]","[0.3, 0.3]",0
1,no_covs,67,0.3567622169521038,0.09483201327772318,2.8700997253883545e-4,1,98,100,cc,0,"[0.3, 0.3]","[0.3, 0.3]",0
1,no_covs,68,0.08339430677803004,0.12048203136982404,0.4904660133194767,1,98,100,cc,0,"[0.3, 0.3]","[0.3, 0.3]",0
1,no_covs,69,0.031784777808611615,0.09335344671140038,0.7342254959804662,1,98,100,cc,0,"[0.3, 0.3]","[0.3, 0.3]",0
1,no_covs,70,0.19394633962617888,0.09995034226934142,0.05520171986765942,1,98,100,cc,0,"[0.3, 0.3]","[0.3, 0.3]",0
1,no_covs,71,0.04614965207794356,0.09096495406213624,0.6130599966594596,1,98,100,cc,0,"[0.3, 0.3]","[0.3, 0.3]",0
1,no_covs,72,0.27086825352869076,0.11341049669815768,0.01883827217889368,1,98,100,cc,0,"[0.3, 0.3]","[0.3, 0.3]",0
1,no_covs,73,0.138412100089804,0.11085310429457963,0.21478298742989693,1,98,100,cc,0,"[0.3, 0.3]","[0.3, 0.3]",0
1,no_covs,74,0.2263785449429848,0.09047779356701377,0.014004049594848194,1,98,100,cc,0,"[0.3, 0.3]","[0.3, 0.3]",0
1,no_covs,75,0.21187046812842858,0.09901129619558821,0.03484889268393284,1,98,100,cc,0,"[0.3, 0.3]","[0.3, 0.3]",0
1,no_covs,76,0.3696508510511208,0.10143455153477608,4.3124654334656076e-4,1,98,100,cc,0,"[0.3, 0.3]","[0.3, 0.3]",0
1,no_covs,77,0.09290296531729726,0.09219273965999125,0.3160783723337189,1,98,100,cc,0,"[0.3, 0.3]","[0.3, 0.3]",0
1,no_covs,78,0.19744054424487228,0.09431189971672882,0.038887669848036016,1,98,100,cc,0,"[0.3, 0.3]","[0.3, 0.3]",0
1,no_covs,79,0.3647402296239362,0.12299122384646928,0.0037945341455872376,1,98,100,cc,0,"[0.3, 0.3]","[0.3, 0.3]",0
1,no_covs,80,0.24879757134034117,0.09560675935163156,0.010696200644702324,1,98,100,cc,0,"[0.3, 0.3]","[0.3, 0.3]",0
1,no_covs,81,0.16211280359821914,0.0834652218154997,0.05497400444745418,1,98,100,cc,0,"[0.3, 0.3]","[0.3, 0.3]",0
1,no_covs,82,0.205021846651283,0.10748647782301753,0.05939429588333277,1,98,100,cc,0,"[0.3, 0.3]","[0.3, 0.3]",0
1,no_covs,83,0.23012246941630868,0.08377800126154945,0.007162045311513186,1,98,100,cc,0,"[0.3, 0.3]","[0.3, 0.3]",0
1,no_covs,84,-0.009122589588041108,0.11053720522040186,0.9343939265695695,1,98,100,cc,0,"[0.3, 0.3]","[0.3, 0.3]",0
1,no_covs,85,0.16749231277866716,0.10971560501711991,0.13008051945542404,1,98,100,cc,0,"[0.3, 0.3]","[0.3, 0.3]",0
1,no_covs,86,0.08875103735948492,0.08296184207997401,0.28734552200197977,1,98,100,cc,0,"[0.3, 0.3]","[0.3, 0.3]",0
1,no_covs,87,0.044968419384871845,0.1046864317985117,0.6684634539857005,1,98,100,cc,0,"[0.3, 0.3]","[0.3, 0.3]",0
1,no_covs,88,0.23232239810907132,0.08370538261853498,0.006602640358672292,1,98,100,cc,0,"[0.3, 0.3]","[0.3, 0.3]",0
1,no_covs,89,0.2553207942230763,0.09690502405956938,0.009787636924522024,1,98,100,cc,0,"[0.3, 0.3]","[0.3, 0.3]",0
1,no_covs,90,0.19814724175156742,0.09944461804496255,0.04909338974783991,1,98,100,cc,0,"[0.3, 0.3]","[0.3, 0.3]",0
1,no_covs,91,0.2039932238379307,0.10788825388292353,0.06160733313410151,1,98,100,cc,0,"[0.3, 0.3]","[0.3, 0.3]",0
1,no_covs,92,0.2582738783423994,0.08698771982433927,0.0037550954546729425,1,98,100,cc,0,"[0.3, 0.3]","[0.3, 0.3]",0
1,no_covs,93,0.2829798989383044,0.09898304220289053,0.0051943823486416095,1,98,100,cc,0,"[0.3, 0.3]","[0.3, 0.3]",0
1,no_covs,94,-0.0032987790869320028,0.08550672409830623,0.9693043854608965,1,98,100,cc,0,"[0.3, 0.3]","[0.3, 0.3]",0
1,no_covs,95,0.15502415819777637,0.10102595968198608,0.12812933882840957,1,98,100,cc,0,"[0.3, 0.3]","[0.3, 0.3]",0
1,no_covs,96,0.21095036544408063,0.1069663262777485,0.05141458558818309,1,98,100,cc,0,"[0.3, 0.3]","[0.3, 0.3]",0
1,no_covs,97,0.10326530946342308,0.09588831662748612,0.284154044739482,1,98,100,cc,0,"[0.3, 0.3]","[0.3, 0.3]",0
1,no_covs,98,0.4324895544945617,0.11646881719640313,3.3995528182291615e-4,1,98,100,cc,0,"[0.3, 0.3]","[0.3, 0.3]",0
1,no_covs,99,0.11810262894596966,0.0925087716608564,0.20473777326640025,1,98,100,cc,0,"[0.3, 0.3]","[0.3, 0.3]",0
1,no_covs,100,0.18370467705171795,0.10739278410815346,0.09032135083310118,1,98,100,cc,0,"[0.3, 0.3]","[0.3, 0.3]",0
